{"cameraMode":{"drawMode":0,"name":"Shaded","section":"Shading Mode"},"sceneLighting":true,"audioPlay":false,"sceneViewState":{"showFog":true,"showMaterialUpdate":false,"showSkybox":true,"showFlares":true,"showImageEffects":true,"showParticleSystems":true},"in2DMode":false,"pivot":{"x":-0.29452431201934817,"y":0.16592937707901,"z":-0.35562705993652346},"rotation":{"x":0.18095090985298158,"y":-0.5497286319732666,"z":0.12339814752340317,"w":0.8061192035675049},"size":2.020829200744629,"orthographic":false}